Phenotype,Trait.Inheritance,Gene,allele,type of variant,ECA number,Position based on reference:,Genomic Coordinates,coordinates_paper,genomic_coordinates,Major,Minor,coding position,protein position,Breed ,Year Published,Pubmed ID,genomic indexing,Notes,Notes2
Tiger eye,Mendelian,SLC24A5,TE1,missense,1,EquCab2.0,g.141677402A>T,chr1:141677402-141677402,chr1:143145865-143145865,A,T,c.272A>T,p.R91Y,Paso Fino,2017,28655738,1-indexed,,
Hereditary Equine Regional Dermal Asthenia (HERDA),Mendelian recessive,PPIB,NA,missense,1,EquCab2.0,g.128056148G>A,chr1:128056148-128056148,chr1:129307092-129307092,G,A,c.115G>A,p.G39R,American Quarter Horse,2007,17498917,1-indexed,,
Hydrocephalus,QTL,B3GALNT2,NA,nonsense (stop-gain),1,EquCab2.0,g.76887901C>T,chr1:76887901-76887901,chr1:77866581-77866581,C,T,c.1423C>T,p.Q475*,Friesian,2015,26452345,1-indexed,,
"Dwarfism, ACAN-related D3*",Mendelian recessive,ACAN,NA,missense,1,EquCab3.0,g.95282140C>G#,chr1:95282140-95282140,chr1:95282140-95282140,C,G,,p.A505P,Miniature Shetland,2017,27942904,1-indexed,,
"Dwarfism, ACAN-related D2",Mendelian recessive,ACAN,NA,missense,1,EquCab3.0,g.95284530C>T#,chr1:95284530-95284530,chr1:95284530-95284530,C,T,,p.V424M,Miniature,2018,30058072,1-indexed,,
Chondrodysplastic dwarfism,QTL,ACAN,NA,missense,1,EquCab3.0,g.95284530C>T,chr1:95284530-95284530,chr1:95284530-95284530,C,T,,,Miniature horse,2018,30058072,1-indexed,manually added,
Chondrodysplastic dwarfism,QTL,ACAN,NA,missense,1,EquCab3.0,g.95282140C>G ,chr1:95282140-95282140,chr1:95282140-95282140,C,G,,,Miniature horse,2018,30058072,1-indexed,manually added,
Show jumping,QTL,NRAP,NA,missense,1,EquCab2.0,g.1644004A>G,chr1:1644004-1644004,chr1:1670016-1670016,A,G,,,Hanoverian warmblood,2011,22497689,1-indexed,manually added,
Show jumping,QTL,NRAP,NA,missense,1,EquCab2.0,g.1655065A>G,chr1:1655065-1655065,chr1:1681077-1681077,A,G,,,Hanoverian warmblood,2011,22497689,1-indexed,manually added,
Show jumping,QTL,PAPSS2,NA,missense,1,EquCab2.0,g.39721387A>G,chr1:39721387-39721387,chr1:40057534-40057534,A,G,,,Hanoverian warmblood,2011,22497689,1-indexed,manually added,
Show jumping,QTL,PAPSS2,NA,missense,1,EquCab2.0,g.42260541A>G,chr1:42260541-42260541,chr1:42601671-42601671,A,G,,,Hanoverian warmblood,2011,22497689,1-indexed,manually added,
Show jumping,QTL,PAPSS2,NA,missense,1,EquCab2.0,g.422639334C>A,chr1:422639334-422639334,failed in Lift genome annotation,C,A,,,Hanoverian warmblood,2011,22497689,1-indexed,manually added,
Fracture risk,QTL,,NA,,1,EquCab2.0,g.14167279G,chr1:14167279-14167279,chr1:14285679-14285679,G,,,,Thoroughbred,2014,24559379,1-indexed,manually added,
Height,QTL,MYPN,NA,missense,1,EquCab2.0,g.56546123C>T,chr1:56546123-56546123,chr1:56992379-56992379,C,T,,,American Belgian Draft,2018,30265593,1-indexed,manually added,
Equine recurrent uveitis,QTL,,NA,,1,EquCab2.0,g.108249293,chr1:108249293-108249293,chr1:109163268-109163268,,,,,Appaloosa,2014,24467435,1-indexed,manually added,
Insect bite hypersensitivity,QTL,,NA,,1,EquCab3.0,g.154743141,chr1:154743141-154743141,chr1:154743141-154743141,,,,,"Icelandic horses, Exmoor ponies",2019,31489730,1-indexed,manually added,
Insect bite hypersensitivity,QTL,,NA,,1,EquCab3.0,g.154538548,chr1:154538548-154538548,chr1:154538548-154538548,,,,,"Icelandic horses, Exmoor ponies",2019,31489730,1-indexed,manually added,
Cerebellar abiotrophy (CA),Mendelian recessive,MUTYH,NA,regulatory,2,EquCab3.0,g.13122415G>A#,chr2:13122415-13122415,chr2:13122415-13122415,G,A,,,Various,2011,21126570 and 29103988,1-indexed,,
Warmblood Fragile Foal Syndrome (WFFS),Mendelian recessive,PLOD1,NA,missense,2,EquCab2.0,g.39711930G>A,chr2:39711930-39711930,chr2:39927817-39927817,G,A,c.2032G>A,p.G678R,Warmblood,2015,25637337,1-indexed,,
Chestnut,Mendelian,MC1R,e,missense,3,EquCab2.0,g.36259552C>T,chr3:36259552-36259552,chr3:36979560-36979560,C,T,c.248C>T,p.S83F,Various,1996,8995760,1-indexed,,
Chestnut,Mendelian,MC1R,ea,missense,3,EquCab2.0,g.36259554G>A,chr3:36259554-36259554,chr3:36979562-36979562,G,A,c.250G>A,p.D84N,Black Forest ,2000,11086549,1-indexed,,
Sabino 1,Mendelian,KIT,SB1,splicing,3,EquCab2.0,g.77735520A>T,chr3:77735520-77735520,chr3:79544206-79544206,A,T,,,Various,2005,16284805,1-indexed,,
Dominant white,Mendelian,KIT,W1,nonsense (stop-gain),3,EquCab2.0,g.77737256C>G,chr3:77737256-77737256,chr3:79545942-79545942,C,G,c.2151C>G,p.Y717*,Franches-Montagnes,2007,17997609,1-indexed,,
Dominant white,Mendelian,KIT,W2,missense,3,EquCab2.0,g.77740854G>A,chr3:77740854-77740854,chr3:79549540-79549540,G,A,c.1960G>A,p.G654R,Thoroughbred,2007,17997609,1-indexed,,
Dominant white,Mendelian,KIT,W4,missense,3,EquCab2.0,g.77741094C>T,chr3:77741094-77741094,chr3:79549780-79549780,C,T,c.1805C>T,p.A602V,Camarillo White Horse,2007,17997609,1-indexed,,
Dominant white,Mendelian,KIT,W3,nonsense (stop-gain),3,EquCab2.0,g.77769840A>T,chr3:77769840-77769840,chr3:79578535-79578535,A,T,c.706A>T,p.K236*,Arabian,2007,17997609,1-indexed,,
Dominant white,Mendelian,KIT,W11,splicing,3,EquCab2.0,g.77731743G>A,chr3:77731743-77731743,chr3:79540429-79540429,G,A,c.2684+1G>A,,South German Draft,2009,19456317,1-indexed,,
Dominant white,Mendelian,KIT,W8,splicing,3,EquCab2.0,g.77736688,chr3:77736688-77736688,chr3:79545374-79545374,,,c.2222-1,,Icelandic,2009,19456317,1-indexed,,
Dominant white,Mendelian,KIT,W7,splicing,3,EquCab2.0,g.77771305G>C,chr3:77771305-77771305,chr3:79580000-79580000,G,C,c.338-1G>C,,Thoroughbred,2009,19456317,1-indexed,,
Dominant white,Mendelian,KIT,W9,missense,3,EquCab2.0,g.77741111G>A,chr3:77741111-77741111,chr3:79549797-79549797,G,A,c.1789G>A,p.G597R,Holstein,2009,19456317,1-indexed,,
Dominant white,Mendelian,KIT,W6,missense,3,EquCab2.0,g.77765059G>A,chr3:77765059-77765059,chr3:79573754-79573754,G,A,c.856G>A,p.G286R,Thoroughbred,2009,19456317,1-indexed,,
Dominant white,Mendelian,KIT,W13,splicing,3,EquCab2.0,g.77735380G>C,chr3:77735380-77735380,chr3:79544066-79544066,G,C,c.2472+5G>C,,"American Miniature Horse, Quarter Horse",2011,21554354,1-indexed,,
Dominant white,Mendelian,KIT,W16,missense,3,EquCab2.0,g.77732055A>T,chr3:77732055-77732055,chr3:79540741-79540741,A,T,c.2489A>T,p.K830I,Oldenburg,2011,21554354,1-indexed,,
Dominant white,Mendelian,KIT,W17b,missense,3,EquCab2.0,g.77739558T>C,chr3:77739558-77739558,chr3:79548244-79548244,T,C,c.2021T>C,p.L674P,Japanese Draft,2011,21554354,1-indexed,,
Dominant white,Mendelian,KIT,w17a,missense,3,EquCab2.0,g.77739579A>T,chr3:77739579-77739579,chr3:79548265-79548265,A,T,c.2001A>T,p.E667D,Japanese Draft,2011,21554354,1-indexed,,
Dominant white,Mendelian,KIT,W15,missense,3,EquCab2.0,g.77741665T>C,chr3:77741665-77741665,chr3:79550351-79550351,T,C,c.1597T>C,p.C533R,Arabian,2011,21554354,1-indexed,,
Dominant white,Mendelian,KIT,W18,splicing,3,EquCab2.0,g.77745065G>A,chr3:77745065-77745065,chr3:79553751-79553751,G,A,c.1346 + 1G>A,,Swiss Warmblood,2013,23659293,1-indexed,,
Dominant white,Mendelian,KIT,W20,missense,3,EquCab2.0,g.77739534G>A,chr3:77739534-77739534,chr3:79548220-79548220,G,A,c.2045G>A,p.R682H,Various,2013,23659293,1-indexed,,
Dominant white,Mendelian,KIT,W19,missense,3,EquCab2.0,g.77745090A>G,chr3:77745090-77745090,chr3:79553776-79553776,A,G,c.1322A>G,p.Y441C,Arabian,2013,23659293,1-indexed,,
LP pattern modifier,Mendelian,RFWD3,PATN1,regulatory,3,EquCab2.0,g.23658447T>G,chr3:23658447-23658447,chr3:24352525-24352525,T,G,,,Various,2016,26568529,1-indexed,,
Dominant white,Mendelian,KIT,W23,splicing,3,EquCab2.0,g.77769789C>G,chr3:77769789-77769789,chr3:79578484-79578484,C,G,c.756+1G>C,,Arabian,2017,28378922,1-indexed,,
Dominant white,Mendelian,KIT,W24,splicing,3,EquCab2.0,g.77736559C>T,chr3:77736559-77736559,chr3:79545245-79545245,C,T,,,Italian Trotter,2017,28856698,1-indexed,,
Dominant white,Mendelian,KIT,W25,missense,3,EquCab2.0,g.77769878A>G,chr3:77769878-77769878,chr3:79578573-79578573,A,G,c.668T>C,p.L223P,Thoroughbred,2018,29333746,1-indexed,,
Extensive coat white patterning,Mendelian,KIT,W30,missense,3,EquCab3.0,g.79548244T>A,chr3:79548244-79548244,chr3:79548244-79548244,T,A,c.2020T>A,p.L674H,Berber,2020,33111383,1-indexed,from Omia,
Height,QTL,LCORL,,,3,EquCab2.0,g.105574002C>T,chr3:105574002-105574002,chr3:107401136-107401136,C,T,,,Andalusian horse,2016,27917442,1-indexed,manually added,
Osteochondrosis/Osteochondritis dissecans,QTL,KLF3,,,3,EquCab2.0,g.88493417C>T,chr3:88493417-88493417,chr3:90617505-90617505,C,T,,,Throughbred,2012,22052004,1-indexed,manually added,
Osteochondrosis/Osteochondritis dissecans,QTL,,,,3,EquCab2.0,g.105574002C>T,chr3:105574002-105574002,chr3:107401136-107401136,C,T,,,various,2018,29498750,1-indexed,manually added,
Splashed white,Mendelian,PAX3,SW2,missense,6,EquCab2.0,g.11429753G>A,chr6:11429753-11429753,chr6:11199026-11199026,G,A,c.209G>A,p.C70Y,"Lipizzan, Noriker, Quarter Horse",2012,22511888,1-indexed,,
Splashed white,Mendelian,PAX3,SW4,missense,6,EquCab2.0,g.11429867G>C,chr6:11429867-11429867,chr6:11199140-11199140,G,C,c.95C>G,p.P32R,Appaloosa,2013,23659293,1-indexed,,
"Silver (Multiple Congenital Ocular Anomalies, MCOA)",Mendelian,PMEL,Z,missense,6,EquCab2.0,g.73665304C>T,chr6:73665304-73665304,chr6:74569773-74569773,C,T,,p.R625C,Various,2006,17029645,1-indexed,,
Fertility stallion,QTL,PLCz1,NA,missense,6,EquCab2.0,g.45595060G>T,chr6:45595060-45595060,chr6:46835237-46835237,G,T,,,Hanoverian warmblood,2014,25354211,1-indexed,manually added,
Fertility stallion,QTL,PLCz1,NA,missense,6,EquCab2.0,g.45599001G>A,chr6:45599001-45599001,chr6:46839178-46839178,G,A,,,Hanoverian warmblood,2014,25354211,1-indexed,manually added,
Fertility stallion,QTL,PLCz1,NA,missense,6,EquCab2.0,g.45586821C>T,chr6:4558621-4558621,chr6:4328108-4328108,C,T,,,Hanoverian warmblood,2014,25354211,1-indexed,manually added,
Fore and hind circumference,QTL,HMGA2,NA,,6,EquCab2.0,g.81481064C>T,chr6:81481064-81481064,chr6:82644799-82644799,C,T,,,Andalusian horse,2016,27917442,1-indexed,manually added,
Neuroaxonal dystrophy/equine degenerative myeloencephalopathy,QTL,ATCAY,Atcayji-hes,representative of a haplotype,7,EquCab3.0,g.4528348A>G,chr7:4528348-4528348,chr7:4528348-4528348,A,G,,,Quarter Horse,2020,31936863,1-indexed,manually added,
Neuroaxonal dystrophy/equine degenerative myeloencephalopathy,QTL,ATCAY,Atcayji-hes,synonymous,7,EquCab3.0,g.2755141C>T,chr7:2755141-2755141,chr7:2755141-2755141,C,T,,,Quarter Horse,2020,31936863,1-indexed,manually added,
Neuroaxonal dystrophy/equine degenerative myeloencephalopathy,QTL,ATCAY,Atcayji-hes,Intronic,7,EquCab3.0,g.2769147C>T,chr7:2769147-2769147,chr7:2769147-2769147,C,T,,,Quarter Horse,2020,31936863,1-indexed,manually added,
Neuroaxonal dystrophy/equine degenerative myeloencephalopathy,QTL,ATCAY,Atcayji-hes,Intronic,7,EquCab3.0,g.2770991A>T,chr7:2770991-2770991,chr7:2770991-2770991,A,T,,,Quarter Horse,2020,31936863,1-indexed,manually added,
Show jumping,QTL,MYL2,,missense,8,EquCab2.0,g.21474716G>A,chr8:21474716-21474716,chr8:23937934-23937934,G,A,,,Hanoverian warmblood,2011,22497689,1-indexed,manually added,
Show jumping,QTL,TRHR,,missense,9,EquCab2.0,g.52584334A>G,chr9:52584334-52584334,chr9:54340297-54340297,A,G,,,Hanoverian warmblood,2011,22497689,1-indexed,manually added,
Polysaccharide storage myopathy (PSSM1),Mendelian dominant,GYS1,NA,missense,10,EquCab2.0,g.18940324G>A,chr10:18940324-18940324,chr10:19203501-19203501,G,A,c.926G>A,p.R309H,Various,2008,18358695,1-indexed,,
Osteochondrosis/Osteochondritis dissecans,QTL,,,,10,EquCab2.0,g.48285498A>C,chr10:48285498-48285498,chr10:49409506-49409506,A,C,,,Dutch Warmblood,2012,23278111,1-indexed,manually added,
Curly coat,Mendelian,KRT25,Crd,missense,11,EquCab2.0,g.21962991G>A *,chr11:21962991-21962991,chr11:22034693-22034693,G,A,c.266G>A,p.R89H,Bashkir Curly Horse Curly,2018,29686323 29141579 ,1-indexed,,
Hyperkalemic Periodic Paralysis  (HYPP),Mendelian dominant,SCN4A,NA,missense,11,EquCab3.0,g.15474228C>G#,chr11:15474228-15474228,chr11:15474228-15474228,C,G,c.4248C>G,p.F1416L,American Quarter Horse and related breeds,1992,1338908,1-indexed,,
Immune-mediated myositis (IMM/MYH1),Mendelian recessive,MYH1,NA,missense,11,EquCab3.0,g.53345548T>C#,chr11:53345548-53345548,chr11:53345548-53345548,T,C,,p.E321G,American Quarter Horse,2018,29510741,1-indexed,,
Curly coat with hypotrichosis Crd,Mendelian dominant,KRT25,NA,missense,11,EquCab3.0,g.21962991G>A#,chr11:21962991-21962991,chr11:21962991-21962991,G,A,c.266G>A,p.R89H,Bashkir Curly Horse ,2018,29686323 29141579 ,1-indexed,,
Curly coat without hypotrichosis,Mendelian dominant,SP6,NA,missense,11,EquCab3.0,g.24096309C>T#,chr11:24096309-24096309,chr11:24096309-24096309,C,T,c.1090G>A,p.D364N,American Bashkir Curly horse and Missouri Foxtrotter,2018,29686323,1-indexed,,
Curly coat,Mendelian,KRT25,NA,missense,11,EquCab2.0,g.21891160G>A,chr11:21891160-21891160,chr11:21962991-21962991,G,A,,,Various,2018,29686323,1-indexed,manually added,
Curly coat,Mendelian,KRT25,NA,missense,11,EquCab2.0,g.24022045C>T,chr11:24022045-24022045,chr11:24096309-24096309,C,T,,,Various,2018,29686323,1-indexed,manually added,
Curly coat,Mendelian,KRT25,NA,missense,11,EquCab2.0,g.21414219G>A,chr11:21414219-21414219,chr11:21493489-21493489,G,A,,,Various,2018,29686323,1-indexed,manually added,
Susceptibility/Resistance to Equine Arteritis Virus Infection ,QTL,,NA,,11,EquCab2.0,g.49424839,chr11:49424839-49424839,chr11:49765131-49765131,,,,,Various,2011,21994447,1-indexed,manually added,
Ocular squamous cell carcinoma (ocular SCC),Mendelian recessive,DDB2,NA,missense,12,EquCab2.0,g.11608667C>T,chr12:11608667-11608667,chr12:11726667-11726667,C,T, c.1013C>T, p.T338M,Various,2017,28425625,1-indexed,,
Fertility stallion,QTL,FKBP6,NA,Splice-variant,13,EquCab2.0,g.11040315G>A,chr13:11040315-11040315,chr13:11353372-11353372,G,A,,p.166H>N,Thoroughbred,2012,23284302,1-indexed,manually added,
Fertility stallion,QTL,FKBP6,NA,Splice-variant,13,EquCab2.0,g.11040379C>A,chr13:11040379-11040379,chr13:11353436-11353436,C,A,,p.166H>N,Thoroughbred,2012,23284302,1-indexed,manually added,
Recurrent airway obstruction,QTL,TXNDC11,NA,,13,EquCab2.0,g.32843309,chr13:32843309-32843309,chr13:34005718-34005718,,,,,European Warmblood,2017,28737212,1-indexed,manually added,microsat
Champagne dilution,Mendelian,SLC36A1, Ch,missense,14,EquCab2.0,g.26701092C>G,chr14:26701092-26701092,chr14:26012449-26012449,C,G,c.188C>G,p.T63R,Various,2008,18802473,1-indexed,,
"Dwarfism, Friesian",Mendelian recessive,B4GALT7,NA,missense,14,EquCab2.0,g.4535550C>T,chr14:4535550-4535550,chr14:3772591-3772591,C,T,c.50G>A,p.R17K,Friesian,2016,27793082,1-indexed,,
Equine metabolic syndrome,QTL,FAM174A,NA,,14,EquCab2.0,g.69276814T>C,chr14:69276814-69276814,chr14:69289779-69289779,T,C,,,Arabian horse,2017,28380523,1-indexed,manually added,microsat
Osteochondrosis/Osteochondritis dissecans,QTL,,NA,,14,EquCab2.0,g.16401778,chr14:16401778-16401778,chr14:15635901-15635901,,,,,Standardbred,2016,26753841,1-indexed,manually added,
Osteochondrosis/Osteochondritis dissecans,QTL,,NA,,14,EquCab2.0,g.34284113,chr14:34284113-34284113,chr14:33599811-33599811,,,,,Standardbred,2016,26753841,1-indexed,manually added,
Osteochondrosis/Osteochondritis dissecans,QTL,,NA,,14,EquCab2.0,g.17858976,chr14:17858976-17858976,failed in Lift genome annotation,,,,,Standardbred,2016,26753841,1-indexed,manually added,
Osteochondrosis/Osteochondritis dissecans,QTL,,NA,,14,EquCab2.0,g.17866794,chr14:17866794-17866794,failed in Lift genome annotation,,,,,Standardbred,2016,26753841,1-indexed,manually added,
Osteochondrosis/Osteochondritis dissecans,QTL,,NA,,14,EquCab2.0,g.17626659,chr14:17626659-17626659,chr14:16861093-16861093,,,,,Standardbred,2016,26753841,1-indexed,manually added,
Equine metabolic syndrome,QTL,FAM174A,NA,,14,EquCab2.0,g.69276814T>C,chr14:69276814-69276814,chr14:69289779-69289779,T,C,,,Arabian horse,2017,28380523,1-indexed,manually added,
Recurrent laryngeal neuropathy,QTL,CYP26B1,NA,missense,15,EquCab2.0,g.30758520,chr15:30758520-30758520,chr15:31725377-31725377,,,,,American Belgian Draft,2018,30265593,1-indexed,manually added,
Macchiato,Mendelian,MITF,macchiato,missense,16,EquCab2.0,g.20103081,chr16:20103081-20103081,chr16:21564980-21564980,,,c.629A>G,p.N210S,Franches-Montagnes,2012,22511888,1-indexed,,
White,Mendelian,MITF,MITF244Glu,missense,16,EquCab2.0,g.20094630C>T,chr16:20094630-20094630,chr16:21556522-21556522,C,T,c.731G>A,p.G244E,American Standardbred,2017,27592871,1-indexed,,
White leg markings,Mendelian,MITF,NA,regulatory,16,EquCab2.0,g.20147039C>T,chr16:20147039-20147039,chr16:21608936-21608936,C,T,,,Menorca Purebred,2017,28084638,1-indexed,,
Exertional rhabdomyolysis,QTL,,NA,,16,EquCab2.0,g.41996587,chr16:41996587-41996587,chr16:43577914-43577914,,,,,Thoroughbreds,2012,22497487,1-indexed,manually added,
Exertional rhabdomyolysis,QTL,,NA,,16,EquCab2.0,g.29314271,chr16:29314271-29314271,chr16:30817611-30817611,,,,,Thoroughbreds,2012,22497487,1-indexed,manually added,
Exertional rhabdomyolysis,QTL,,NA,,16,EquCab2.0,g.29349242,chr16:29349242-29349242,chr16:30852583-30852583,,,,,Thoroughbreds,2012,22497487,1-indexed,manually added,
Frame overo (Lethal White Foal Syndrome  LWFS),QTL,EDNRB,O,missense,17,EquCab2.0,g.50624658,chr17:50624658-50624658,chr17:50503041-50503041,,,c.353-354TC>AG,p. I118K,Various,1998,9530628,1-indexed,,
Fracture risk,QTL,ZNF804A,NA,,18,EquCab2.0,g.62049912G,chr18:62049912-62049912,chr18:62202310-62202310,G,,,,Thoroughbred,2014,24559379,1-indexed,manually added,
Fracture risk,QTL,ZNF804A,NA,,18,EquCab2.0,g.62054146A,chr18:62054146-62054146,chr18:62206544-62206544,A,,,,Thoroughbred,2014,24559379,1-indexed,manually added,
Fracture risk,QTL,ZNF804A,NA,,18,EquCab2.0,g.62148769G,chr18:62148769-62148769,chr18:62301172-62301172,G,,,,Thoroughbred,2014,24559379,1-indexed,manually added,
Recurrent uveitis,QTL,PLEKHM3,NA,,18,EquCab2.0,g.81856374A,chr18:81856374-81856374,chr18:81963620-81963620,A,,,,German Warmblood ,2013,23977091,1-indexed,manually added,
Fracture risk,QTL,MSTN,NA,,18,EquCab2.0,g.65809482T>C,chr18:65809482-65809482,chr18:65924323-65924323,T,C,,,Japanese Thoroughbred,2019,31612520,1-indexed,manually added,
Fracture risk,QTL,MSTN,NA,,18,EquCab2.0,g.65868604G>T ,chr18:65868604-65868604,chr18:65983696-65983696,G,T,,,Japanese Thoroughbred,2019,31612520,1-indexed,manually added,
Fracture risk,QTL,MSTN,NA,,18,EquCab2.0,g.66493737C>T,chr18:66493737-66493737,chr18:66608679-66608679,C,T,,,Japanese Thoroughbred,2019,31612520,1-indexed,manually added,
Gait ,QTL,FBXO40,NA,,19,EquCab2.0,g.37674807G>A,chr19:37674807-37674807,chr19:40258419-40258419,G,A,,,Tennessee Walking Horse,2016,27135997,1-indexed,manually added,
Recurrent uveitis,QTL,TRPM1,NA,,20,EquCab2.0,g.32544516,chr20:32544516-32544516,chr20:33454044-33454044,,,,,Appaloosa,2014,24467435,1-indexed,manually added,
Recurrent uveitis,QTL,MHC1,NA,,20,EquCab2.0,g.32689801,chr20:32689801-32689801,chr20:33599372-33599372,,,,,Appaloosa,2014,24467435,1-indexed,manually added,
Recurrent uveitis,QTL,IL-17A,NA,,20,EquCab2.0,g.49349056G,chr20:49349056-49349056,chr20:50364059-50364059,G,,,,German Warmblood ,2013,23977091,1-indexed,manually added,
Cream dilution,Mendelian,SLC45A2,CCr,missense,21,EquCab3.0,g.31690653G>A#,chr21:31690653-31690653,chr21:31690653-31690653,G,A,c.457G>A,p.D153N,Various,2003,12605854,1-indexed,,
Pearl dilution,Mendelian,SLC45A2,Cprl,missense,21,EquCab2.0,g.31709690G>A *,chr21:31709690-31709690,chr21:32733619-32733619,G,A,c.985G>A,p.A329T,Various,2019,"31006892, 30968968",1-indexed,,
Permissive to gait,QTL,DMRT3,NA,nonsense (stop-gain),23,EquCab2.0,g.22999655C>A,chr23:22999655-22999655,chr23:22391254-22391254,C,A,,p.S301*,Numerous breeds,2012,22932389,1-indexed,,
Gait,QTL,DMRT3,NA,nonsense,23,EquCab2.0,g.22999655A>C,chr23:22999655-22999655,chr23:22391254-22391254,A,C,,p.166H>N,Various,2012,22932389,1-indexed,manually added,
Foal immunodeficiency syndrome in the Fell and Dales Pony (FIS),Mendelian recessive,SLC5A3,NA,missense,26,EquCab2.0,g.30660224G>T,chr26:30660224-30660224,chr26:31894278-31894278,G,T,c.1337G>T,p.P446L,Dales Pony and Fell Pony,2011,21750681,1-indexed,,
Show jumping,QTL,,NA,missense,26,EquCab2.0,g.11751736C>A,chr26:11751736-11751736,chr26:12251862-12251862,C,A,,,Hanoverian warmblood,2011,22497689,1-indexed,manually added,
Show jumping,QTL,GABPA,NA,missense,26,EquCab2.0,g.21164111C>A,chr26:21164111-21164111,chr26:21887255-21887255,C,A,,,Hanoverian warmblood,2011,22497689,1-indexed,manually added,
Foal Immunodeficiency Syndrome,QTL,,NA,,26,EquCab2.0,g.30660224,chr26:30660224-30660224,chr26:31894278-31894278,,,,,Pony,2011,21750681,1-indexed,manually added,
Rhodococcus equi Susceptibility,QTL,KRTAP,NA,,26,EquCab2.0,g.39777632,chr26:39777632-39777632,chr26:41047086-41047086,,,,,Quarter Horse,2014,24892408,1-indexed,manually added,
Rhodococcus equi Susceptibility,QTL,KRTAP,NA,,26,EquCab2.0,g.39861109,chr26:39861109-39861109,chr26:41130322-41130322,,,,,Quarter Horse,2014,24892408,1-indexed,manually added,
Rhodococcus equi Susceptibility,QTL,KRTAP,NA,,26,EquCab2.0,g.39867963,chr26:39867963-39867963,chr26:41137173-41137173,,,,,Quarter Horse,2014,24892408,1-indexed,manually added,
Insect bite hypersensitivity,QTL,,NA,,27,EquCab2.0,g.13198799,chr27:13198799-13198799,chr27:13223343-13223343,,,,,Shetland pony ,2012,22582722,1-indexed,manually added,
Brindle (Incontinentia pigmenti),Mendelian,IKBKG,NA,nonsense (stop-gain),X,EquCab2.0,g.122833887C>T,chrX:122833887-122833887,chrX:126898409-126898409,C,T,c.202C>T,p.R68*,Quarter Horse,2013,24324710,1-indexed,,
Insect bite hypersensitivity,QTL,,NA,,X,EquCab3.0,g.87097446,chrX:87097446-87097446,chrX:87097446-87097446,,,,,"Icelandic horses, Exmoor ponies",2019,31489730,1-indexed,manually added,
