Sample name,Registration number,Period,Age (years ago) ,Site,latitude,longitude,Country,Species,Sex,mtDNA coverage post rescaling,nuDNA coverage post rescalling,2 ancestral groups,2 ancestral groups excluding transitions,3 ancestral groups,3 ancestral groups excluding transitions,yield(%),(from 2017),,,,,,
Actiparc_GVA124_2143,CGG_1_019382,Iron Age,2143,Actiparc,50.315,2.822,France,horse,male,94.6,2.24,0,0,0,0,1.3,2110,20,-196,-56,95.4,-126,-2143
Actiparc_GVA307_2127,CGG_1_019857,Iron Age,2127,Actiparc,50.315,2.822,France,horse,male,45.9,1.44,0,0,0,0,1.1,2090,20,-171,-50,95.4,-110.5,-2127.5
Actiparc_GVA308_2312,CGG_1_019858,Iron Age,2312,Actiparc,50.315,2.822,France,horse,female,123,3.58,0,0,0,0,3,2240,15,-382,-209,95.4,-295.5,-2312.5
Actiparc_GVA309_2302,CGG_1_019859,Iron Age,2302,Actiparc,50.315,2.822,France,horse,male,50.8,1.19,0,0,0,0,0.9,2220,15,-365,-206,95.4,-285.5,-2302.5
Actiparc_GVA310_2319,CGG_1_019860,Iron Age,2319,Actiparc,50.315,2.822,France,horse,female,119,2.62,0,0,0,0,,,,,,,,
Actiparc_GVA311_2253,CGG_1_019861,Iron Age,2253,Actiparc,50.315,2.822,France,horse,male,45.7,1.7,0,0,0,0,4,2160,20,-355,-118,95.4,-236.5,-2253.5
Altata_NB31_Neolithic,CGG_1_017023,Neolithic,-,Altata,51.07,48.44,Russia,horse,male,2.8,0.06,0,0,0,0,,,,,,,,
ArzhanI_Arz3_2767,CGG_1_017089,Iron Age,2717-2817,Arzhan I,52.059,93.604,Russia,horse,male,8.53,0.04,0,0,0,0,,,,,,,,
ArzhanI_I-K2_Arz1_2727,CGG_1_017079,Iron Age,2727,Arzhan I,52.059,93.604,Russia,horse,male,150,2.82,0,0,0,0,,,,,,,,
ArzhanI_I-K3_Arz2_2727,CGG_1_017088,Iron Age,2727,Arzhan I,52.059,93.604,Russia,horse,male,823,2.48,0,0,0,0,,,,,,,,
ArzhanII_Arz15_2642,CGG_1_017084,Iron Age,2617-2667,Arzhan II,52.059,93.604,Russia,horse,male,18.5,0.13,0,0,0,0,,,,,,,,
ArzhanII_Arz17_2642,CGG_1_017086,Iron Age,2617-2667,Arzhan II,52.059,93.604,Russia,horse,male,9.73,0.06,0,0,0,0,,,,,,,,
ArzhanII_Rus11_2500,CGG_1_019162,Iron Age,2500,Arzhan II,52.059,93.604,Russia,horse,male,4.41,0.01,0,0,0,0,,,,,,,,
ArzhanII_Rus9_2500,CGG_1_019160,Iron Age,2500,Arzhan II,52.059,93.604,Russia,horse,male,322,2.31,0,0,0,0,,,,,,,,
AugustaRaurica_JG160_1817,CGG_1_019246,Roman period,1717-1917,Augusta Raurica - Insula 8,47.533,7.722,Switzerland,horse,male,109,2.25,0,0,0,0,,,,,,,,
AugustaRauricaSchmidmatt_NBxK9279_1717,CGG_1_020505,Roman period,1617-1817,Augusta Raurica - Schmidmatt,47.536,7.722,Switzerland,horse,male,0.56,0.01,0,0,0,0,,,,,,,,
AugustaRauricaSchmidmatt_NBxP9261_1782,CGG_1_020506,Roman period,1677-1887,Augusta Raurica - Schmidmatt,47.536,7.722,Switzerland,horse,male,1.17,0.02,0,0,0,0,,,,,,,,
Balagansk_Rus19_2017,CGG_1_019169,Iron Age,1817-2217,Balagansk,47.667,8.85,Russia,horse,male,10.4,0.01,0,0,0,0,,,,,,,,
BapskaGradac_BAPSKA_1305,CGG_1_020443,Middle Ages,1305,Bapska Gradac,45.197,19.262,Croatia,horse,male,1.48,0.03,0,0,0,0,4,1315,20,658,766,95.4,712,-1305
Batagai_5155,N/A,wild Archaic ,5155,Batagai,67.567,134.767,Russia,horse,male ,500,23.1,0,0,0,0,,,,,,,,
Bateni_Rus14_3318,CGG_1_019164,Bronze Age,3318,Bateni,54.624,90.945,Russia,horse,male,129,1.74,0,0,0,0,,,,,,,,
Bateni_Rus16_3350,CGG_1_019166,Bronze Age,3350,Bateni,54.624,90.945,Russia,horse,male,368,4.78,0,0,0,0,11.1,3065,20,-1401,-1266,95.4,-1333.5,-3350.5
Beauvais_GVA122_417,CGG_1_019380,Early Modern period,317-517,"Beauvais, la Maladrerie Saint-Lazare",49.415,2.101,France,horse,male,46.5,1.32,0,0,0,0,,,,,,,,
Beauvais_GVA375_467,CGG_1_019925,Early Modern period,417-517,"Beauvais, VIlliers-de-l'Isle Adam",49.415,2.101,France,horse,male,159,8.98,0,0,0,0,,,,,,,,
Belgheis_TrBWBX116_485,CGG_1_019521,Early Modern period,485,Belgheis,37.042,57.472,Iran,horse,male,113,2.39,0,0,0,0,4.1,390,20,1445,1618,95.4,1531.5,-485.5
Belkaragay_NB13_CopperAge,CGG_1_017005,Copper Age,-,Belkaragay,51.52,62.55,Kazakhstan,horse,male,5.96,0.11,0,0,0,0,,,,,,,,
Belkaragay_NB15_CopperAge,CGG_1_017007,Copper Age,-,Belkaragay,51.52,62.55,Kazakhstan,horse,female,42.2,0.18,0,0,0,0,,,,,,,,
Berel_BER01_A_2300,CGG_1_016168,Iron Age,2300,Berel',49.374,86.427,Kazakhstan,horse,male,384,9.29,0,0,0,0,,,,,,,,
Berel_BER02_B_2300,CGG_1_016169,Iron Age,2300,Berel',49.374,86.427,Kazakhstan,horse,male,346,10.1,0,0,0,0,,,,,,,,
Berel_BER04_D_2300,CGG_1_016171,Iron Age,2300,Berel',49.374,86.427,Kazakhstan,horse,male,316,7.05,0,0,0,0,,,,,,,,
Berel_BER05_E_2300,CGG_1_016172,Iron Age,2300,Berel',49.374,86.427,Kazakhstan,horse,male,482,8.75,0,0,0,0,,,,,,,,
Berel_BER06_F_2300,CGG_1_016173,Iron Age,2300,Berel',49.374,86.427,Kazakhstan,horse,male,650,9.47,0,0,0,0,,,,,,,,
Berel_BER07_G_2300,CGG_1_016174,Iron Age,2300,Berel',49.374,86.427,Kazakhstan,horse,male,301,2,0,0,0,0,,,,,,,,
Berel_BER08_H_2300,CGG_1_016175,Iron Age,2300,Berel',49.374,86.427,Kazakhstan,horse,male,261,2.36,0,0,0,0,,,,,,,,
Berel_BER09_I_2300,CGG_1_016176,Iron Age,2300,Berel',49.374,86.427,Kazakhstan,horse,male,306,9.89,0,0,0,0,,,,,,,,
Berel_BER10_K_2300,CGG_1_016177,Iron Age,2300,Berel',49.374,86.427,Kazakhstan,horse,male,181,2.38,0,0,0,0,,,,,,,,
Berel_BER11_L_2300,CGG_1_016178,Iron Age,2300,Berel',49.374,86.427,Kazakhstan,horse,male,212,1.32,0,0,0,0,,,,,,,,
Berel_BER12_M_2300,CGG_1_016179,Iron Age,2300,Berel',49.374,86.427,Kazakhstan,horse,male,151,5.7,0,0,0,0,,,,,,,,
Berufjordur_VHR102_1057,CGG_1_020961,Middle Ages,917-1217,Berufjordur,65.53,-22.117,Iceland,horse,male,22.1,0.18,0,0,0,0,,,,,,,,
Boinville_GVA125_1817,CGG_1_018057,Roman period,1717-1917,Boinville,49.185,5.671,France,ass,male,3.65,0.17,100,100,100,100,,,,,,,,
Borly4_PAVH11_5015,CGG_1_018171,Copper Age,5015,Borly 4,52.287,76.967,Kazakhstan,horse,female,231,6.53,0,0,0,0,,,,,,,,
Borly4_PAVH4_4974,CGG_1_018157,Copper Age,4974,Borly 4,52.287,76.967,Kazakhstan,horse,female,465,7.15,0,0,0,0,,,,,,,,
Borly4_PAVH6_5012,CGG_1_018161,Copper Age,5012,Borly 4,52.287,76.967,Kazakhstan,horse,female,198,4.54,0,0,0,0,,,,,,,,
Borly4_PAVH8_4978,CGG_1_018165,Copper Age,4978,Borly 4,52.287,76.967,Kazakhstan,horse,male,269,9.14,0,0,0,0,,,,,,,,
Borly4_PAVH9_4977,CGG_1_018167,Copper Age,4977,Borly 4,52.287,76.967,Kazakhstan,horse,male,197,5.27,0,0,0,0,,,,,,,,
Botai_1_5500,CGG_1_018173,Copper Age,5500,Botai,53.304,67.646,Kazakhstan,horse,male,280,8.48,0,0,0,0,,,,,,,,
Botai_2_5500,CGG_1_018174,Copper Age,5500,Botai,53.304,67.646,Kazakhstan,horse,male,599,9.29,0,0,0,0,,,,,,,,
Botai_3_5500,CGG_1_018175,Copper Age,5500,Botai,53.304,67.646,Kazakhstan,horse,male,72.5,3.04,0,0,0,0,,,,,,,,
Botai_4_5500,CGG_1_018176,Copper Age,5500,Botai,53.304,67.646,Kazakhstan,horse,male,239,9.17,0,0,0,0,,,,,,,,
Botai_5_5500,CGG_1_018177,Copper Age,5500,Botai,53.304,67.646,Kazakhstan,horse,male,248,8.12,0,0,0,0,,,,,,,,
Botai_6_5500,CGG_1_018178,Copper Age,5500,Botai,53.304,67.646,Kazakhstan,horse,male,479,8.57,0,0,0,0,,,,,,,,
Botai_8_5500,CGG_1_020179,Copper Age,5500,Botai,53.304,67.646,Kazakhstan,horse,female,155,3.1,0,0,0,0,,,,,,,,
Botai_A_5500,CGG_1_020181,Copper Age,5500,Botai,53.304,67.646,Kazakhstan,horse,female,23,0.25,0,0,0,0,,,,,,,,
Botai_B_5500,CGG_1_020182,Copper Age,5500,Botai,53.304,67.646,Kazakhstan,horse,female,78.6,0.01,0,0,0,0,,,,,,,,
Botai_C_5500,CGG_1_020183,Copper Age,5500,Botai,53.304,67.646,Kazakhstan,horse,male,127,2.93,0,0,0,0,,,,,,,,
Botai_D1_5500,CGG_1_020204,Copper Age,5500,Botai,53.304,67.646,Kazakhstan,horse,male,176,2.76,0,0,0,0,,,,,,,,
Botai_D2_5500,CGG_1_020205,Copper Age,5500,Botai,53.304,67.646,Kazakhstan,horse,female,1.51,0.01,0,0,0,0,,,,,,,,
Botai_D4_5500,CGG_1_020207,Copper Age,5500,Botai,53.304,67.646,Kazakhstan,horse,female,237,3.09,0,0,0,0,,,,,,,,
Botai_D5_5500,CGG_1_020208,Copper Age,5500,Botai,53.304,67.646,Kazakhstan,horse,male,239,2.63,0,0,0,0,,,,,,,,
Botai_D6_5500,CGG_1_020209,Copper Age,5500,Botai,53.304,67.646,Kazakhstan,horse,female,250,2.27,0,0,0,0,,,,,,,,
Botai_E_5500,CGG_1_020185,Copper Age,5500,Botai,53.304,67.646,Kazakhstan,horse,female,5.24,0.01,0,0,0,0,,,,,,,,
Botai_F_5500,CGG_1_020186,Copper Age,5500,Botai,53.304,67.646,Kazakhstan,horse,male,136,3.05,0,0,0,0,,,,,,,,
Botai_G_5500,CGG_1_020187,Copper Age,5500,Botai,53.304,67.646,Kazakhstan,horse,male,221,4.41,0,0,0,0,,,,,,,,
Botai_I_5500,CGG_1_020188,Copper Age,5500,Botai,53.304,67.646,Kazakhstan,horse,male,130,2.54,0,0,0,0,,,,,,,,
Botai_K_5500,CGG_1_020189,Copper Age,5500,Botai,53.304,67.646,Kazakhstan,horse,male,192,4.49,0,0,0,0,,,,,,,,
Botai_L_5500,CGG_1_020192,Copper Age,5500,Botai,53.304,67.646,Kazakhstan,horse,female,169,2.53,0,0,0,0,,,,,,,,
Botai_N_5500,CGG_1_020194,Copper Age,5500,Botai,53.304,67.646,Kazakhstan,horse,female,3.57,0.01,0,0,0,0,,,,,,,,
Botai_NB18_4692,CGG_1_017010,Copper Age,4692,Botai,53.304,67.646,Kazakhstan,horse,female,3.83,0.02,0,0,0,0,,,,,,,,
Botai_O_5500,CGG_1_020195,Copper Age,5500,Botai,53.304,67.646,Kazakhstan,horse,male,3.76,0.02,0,0,0,0,,,,,,,,
Botai_P_5500,CGG_1_020196,Copper Age,5500,Botai,53.304,67.646,Kazakhstan,horse,male,113,2.69,0,0,0,0,,,,,,,,
Botai_Petrous_5500,CGG_1_020210,Copper Age,5500,Botai,53.304,67.646,Kazakhstan,horse,female,56,1.62,0,0,0,0,,,,,,,,
Botai_R_5500,CGG_1_020198,Copper Age,5500,Botai,53.304,67.646,Kazakhstan,horse,female,74.4,1.82,0,0,0,0,,,,,,,,
Botai_T_5500,CGG_1_020200,Copper Age,5500,Botai,53.304,67.646,Kazakhstan,horse,female,8.32,0.04,0,0,0,0,,,,,,,,
Boves_GVA191_1717,CGG_1_019765,Roman period,1617-1817,"Boves, chemin de Glisy",49.853,2.397,France,horse,female,79.3,2.31,0,0,0,0,,,,,,,,
BozAdyr_KYRH10_1267,CGG_1_018031,Middle Ages,1217,Boz-Adyr,39.998,71.073,Kyrgyzstan,horse,male,102,4.68,0,0,0,0,,,,,,,,
BozAdyr_KYRH8_1267,CGG_1_018029,Middle Ages,1217,Boz-Adyr,39.998,71.073,Kyrgyzstan,horse,male,112,3.94,0,0,0,0,,,,,,,,
BroughOfDeerness_VHR010_1417,CGG_1_020949,Middle Ages,1317-1517,Brough Of Deerness,58.964,-2.705,United Kingdom,horse,female,26.1,0.48,0,0,0,0,,,,,,,,
BroughOfDeerness_VHR011_1367,CGG_1_020950,Middle Ages,1317-1417,Brough Of Deerness,58.964,-2.705,United Kingdom,horse,male,35.3,0.48,0,0,0,0,,,,,,,,
BroughOfDeerness_VHR037_1417,CGG_1_020957,Middle Ages,1317-1517,BroughOfDeerness,58.964,-2.705,United Kingdom,horse,male,16.2,0.09,0,0,0,0,,,,,,,,
BroughOfDeerness_VHR062_1417,CGG_1_020959,Middle Ages,1317-1517,BroughOfDeerness,58.964,-2.705,United Kingdom,horse,female,32,0.49,0,0,0,0,,,,,,,,
Bruszcewo_Bru4_3917,CGG_1_018376,Bronze Age,3617-4217,Bruszcewo,52.007,16.562,Poland,horse,male,1.07,0.01,0,0,0,0,,,,,,,,
CaminoDeLasYeseras_CdY2_4678,CGG_1_018391,Copper Age,4496-4861,"Camino de las Yeseras, Madrid",40.442,-3.494,Spain,horse,male,19.5,3.68,0,0,0,0,,,,,,,,
Cantorella_UE2275x2_4791,CGG_1_020989,Copper Age,4791,Cantorella,41.553,1.039,Spain,horse,female,149,2.45,0,0,0,0,4.7,4165,20,-2878,-2670,95.4,-2774,-4791
Capesterre_LIS2_417,CGG_1_019703,Early Modern period,317-517,Capesterre-Belle-Eau,16.05,-61.569,Guadeloupe (France),horse,female,2.15,0.01,0,0,0,0,,,,,,,,
Capote_Cap102_2167,CGG_1_016984,Iron Age,2117-2217,Capote,38.098,-6.693,Spain,horse,female,53,0.02,0,0,0,0,,,,,,,,
Charregass_NBxRa849_1667,CGG_1_020509,Roman period,1617-1717,Steim am Rhein Charregass,47.65,8.85,Switzerland,horse,male,11.4,0.02,0,0,0,0,,,,,,,,
Chartres_GVA1_1917,CGG_1_019259,Roman period,1917,"Chartres, boulevard de la Courtille",48.442,1.494,France,horse,male,2.42,0.09,0,0,0,0,,,,,,,,
Chartres_GVA111_1917,CGG_1_019369,Roman period,1917,"Chartres, boulevard de la Courtille",48.442,1.494,France,horse,female,3.42,0.08,0,0,0,0,,,,,,,,
Chartres_GVA112_1917,CGG_1_019370,Roman period,1917,"Chartres, boulevard de la Courtille",48.442,1.494,France,horse,male,4.04,0.11,0,0,0,0,,,,,,,,
Chartres_GVA115_1917,CGG_1_019373,Roman period,1917,"Chartres, boulevard de la Courtille",48.442,1.494,France,horse,male,8.61,0.15,0,0,0,0,,,,,,,,
Chartres_GVA2_1917,CGG_1_019260,Roman period,1917,"Chartres, boulevard de la Courtille",48.442,1.494,France,mule,male,11.2,0.24,44.92,45.3,48.02,48.54,,,,,,,,
Chartres_GVA26_1917,CGG_1_019284,Roman period,1917,"Chartres, boulevard de la Courtille",48.442,1.494,France,horse,male,123,5.86,0,0,0,0,,,,,,,,
Chartres_GVA28_1917,CGG_1_019286,Roman period,1917,"Chartres, boulevard de la Courtille",48.442,1.494,France,horse,male,8.96,0.19,0,0,0,0,,,,,,,,
Chartres_GVA36_1917,CGG_1_019294,Roman period,1917,"Chartres, boulevard de la Courtille",48.442,1.494,France,horse,male,48.8,1.49,0,0,0,0,,,,,,,,
Chartres_GVA39_1917,CGG_1_019297,Roman period,1917,"Chartres, boulevard de la Courtille",48.442,1.494,France,mule,male,2.62,0.08,44.88,44.73,47.95,47.94,,,,,,,,
Chartres_GVA4_1917,CGG_1_019262,Roman period,1917,"Chartres, boulevard de la Courtille",48.442,1.494,France,horse,male,74,3.27,0,0,0,0,,,,,,,,
Chartres_GVA43_1917,CGG_1_019301,Roman period,1917,"Chartres, boulevard de la Courtille",48.442,1.494,France,horse,female,95.2,4.73,0,0,0,0,,,,,,,,
Chartres_GVA47_1917,CGG_1_019305,Roman period,1917,"Chartres, boulevard de la Courtille",48.442,1.494,France,horse,male,2.97,0.06,0,0,0,0,,,,,,,,
Chartres_GVA48_1917,CGG_1_019306,Roman period,1917,"Chartres, boulevard de la Courtille",48.442,1.494,France,horse,male,2.76,0.07,0,0,0,0,,,,,,,,
Chartres_GVA53_1917,CGG_1_019311,Roman period,1917,"Chartres, boulevard de la Courtille",48.442,1.494,France,horse,male,3.44,0.07,0,0,0,0,,,,,,,,
Chartres_GVA56_1917,CGG_1_019314,Roman period,1917,"Chartres, boulevard de la Courtille",48.442,1.494,France,horse,male,74.6,2.71,0,0,0,0,,,,,,,,
Chartres_GVA60_1917,CGG_1_019318,Roman period,1917,"Chartres, boulevard de la Courtille",48.442,1.494,France,horse,male,3.83,0.09,0,0,0,0,,,,,,,,
Chartres_GVA64_1917,CGG_1_019322,Roman period,1917,"Chartres, boulevard de la Courtille",48.442,1.494,France,mule,male,3.51,0.1,45,45.12,48.12,"48,4",,,,,,,,
Chartres_GVA65_1917,CGG_1_019323,Roman period,1917,"Chartres, boulevard de la Courtille",48.442,1.494,France,mule,male,8.66,0.3,45.18,45.12,48.28,"48,36",,,,,,,,
Chartres_GVA68_1917,CGG_1_019326,Roman period,1917,"Chartres, boulevard de la Courtille",48.442,1.494,France,mule,male,4.61,0.11,44.76,44.48,47.86,47.78,,,,,,,,
Chartres_GVA75_1917,CGG_1_019333,Roman period,1917,"Chartres, boulevard de la Courtille",48.442,1.494,France,horse,male,3.36,0.07,0,0,0,0,,,,,,,,
Chartres_GVA78_1917,CGG_1_019336,Roman period,1917,"Chartres, boulevard de la Courtille",48.442,1.494,France,mule,male,2.12,0.06,44.35,44.42,47.51,47.75,,,,,,,,
Chartres_GVA81_1917,CGG_1_019339,Roman period,1917,"Chartres, boulevard de la Courtille",48.442,1.494,France,horse,female,110,3.09,0,0,0,0,,,,,,,,
Chartres_GVA9_1917,CGG_1_019267,Roman period,1917,"Chartres, boulevard de la Courtille",48.442,1.494,France,horse,male,5.25,0.09,0,0,0,0,,,,,,,,
Chartres_GVA95_1917,CGG_1_019353,Roman period,1917,"Chartres, boulevard de la Courtille",48.442,1.494,France,mule,female,4.77,0.11,45.22,44.98,48.29,48.27,,,,,,,,
Derkul_NB2_Neolithic,CGG_1_016994,Neolithic,-,Derkul,51.16,51.17,Russia,horse,male,1.99,0.03,0,0,0,0,,,,,,,,
Derkul_NB4_Neolithic,CGG_1_016996,Neolithic,-,Derkul,51.16,51.17,Russia,horse,female,28.4,0.35,0,0,0,0,,,,,,,,
Dariali_Georgia2_317,CGG_1_02026,Early Modern period,17-617,"Dariali, Tamara Fort",42.74,44.62,Georgia,horse,female,1.53,0.04,0,0,0,0,,,,,,,,
Dunaujvaros_Duk2_4077,CGG_1_018386,Bronze Age,4077,Dunaújváros,46.962,18.936,Hungary,horse,male,41.5,1.12,0,0,0,0,,,,,,,,
ElAcequion_Spain38_4058,CGG_1_020484,Bronze Age,4058,El Acequión,39.024,-2.028,Spain,horse,female,386,0.42,0,0,0,0,9.7,3650,15,-2121,-1956,95.4,-2038.5,-4055.5
ElAcequion_Spain39_3993,CGG_1_020485,Bronze Age,3993,El Acequión,39.024,-2.028,Spain,horse,male,173,1.82,0,0,0,0,11.2,3620,20,-2033,-1920,95.4,-1976.5,-3993.5
ElsVilars_UE4618_2672,CGG_1_020962,Iron Age,2672,Els Vilars,41.57,0.95,Spain,horse,female,262,3.46,0,0,0,0,11.2,2490,15,-768,-542,95.4,-655,-2672
Evreux_GVA130_1817,CGG_1_019704,Roman period,1717-1917,"Evreux, Clos-au-Duc",49.02,1.159,France,mule,male,5.37,0.16,44.49,44.26,47.72,47.49,,,,,,,,
Evreux_GVA132_1817,CGG_1_019706,Roman period,1717-1917,"Evreux, Clos-au-Duc",49.02,1.159,France,mule,male,6.91,0.13,44.84,44.95,47.98,48.17,,,,,,,,
Evreux_GVA133_1817,CGG_1_019707,Roman period,1717-1917,"Evreux, Clos-au-Duc",49.02,1.159,France,horse,male,66.8,1.71,0,0,0,0,,,,,,,,
Evreux_GVA135_1817,CGG_1_019709,Roman period,1717-1917,"Evreux, Clos-au-Duc",49.02,1.159,France,horse,male,39,0.87,0,0,0,0,,,,,,,,
Evreux_GVA140_1817,CGG_1_019714,Roman period,1717-1917,"Evreux, Clos-au-Duc",49.02,1.159,France,horse,male,56.4,1.52,0,0,0,0,,,,,,,,
Fengtai_Fen4_2820,CGG_1_018396,Iron Age,2820,Fengtai,36.841,101.958,China,horse,male,142,0.46,0,0,0,0,10,2625,15,-814,-793,95.4,-803.5,-2820.5
Fmontauban_GVA126_1872,CGG_1_019384,Roman period,1872,Fresnes-lès-Montauban,48.442,1.494,France,horse,male,62.5,2.18,0,0,0,0,,,,,,,,
FrankfurtHeddernheim_Fr1_1863,CGG_1_018151,Roman period,1863,Frankfurt-Heddenheim,50.161,8.642,Germany,horse,male,109,3.47,0,0,0,0,3.2,1860,20,85,222,95.4,153.5,-1863.5
Garbovat_Gar3_3574,CGG_1_018389,Bronze Age,3574,Garbovat,44.867,22.008,Romania,horse,male,55.4,1.11,0,0,0,0,,,,,,,,
GolModII_Mon23_2007,CGG_1_018059,Iron Age,2007,Gol Mod II,48.018,101.353,Mongolia,horse,female,383,6.34,0,0,0,0,2.7,1985,15,-39,59,95.4,10,-2007
GolModII_Mon24_1993,CGG_1_018060,Iron Age,1993,Gol Mod II,48.018,101.353,Mongolia,horse,female,215,5.12,0,0,0,0,4.2,1975,15,-22,69,95.4,23.5,-1993.5
GolModII_Mon25_2011,CGG_1_018061,Iron Age,2011,Gol Mod II,48.018,101.353,Mongolia,horse,female,150,4.75,0,0,0,0,2.9,1995,20,-43,54,95.4,5.5,-2011.5
GolModII_Mon26_1999,CGG_1_018062,Iron Age,1988-2011,Gol Mod II,48.018,101.353,Mongolia,horse,female,170,4.12,0,0,0,0,,,,,,,,
GolModII_Mon27_2011,CGG_1_018063,Iron Age,2011,Gol Mod II,48.018,101.353,Mongolia,horse,female,150,4.05,0,0,0,0,2.4,1995,20,-43,54,95.4,5.5,-2011.5
GolModII_Mon28_1988,CGG_1_018064,Iron Age,1988,Gol Mod II,48.018,101.353,Mongolia,horse,male,143,4.1,0,0,0,0,,,,,,,,
Goyet_Vert293_UpperPalaeolithic,CGG_1_018522,Upper Palaeolithic,-,Goyet,50.447,5.009,Belgium,horse,female,23.5,0.02,0,0,0,0,,,,,,,,
Goyet_Vert300_31750,CGG_1_018529,Upper Palaeolithic,31750,Goyet,50.447,5.009,Belgium,horse,female,1.41,0.01,0,0,0,0,,,,,,,,
Goyet_Vert304_UpperPalaeolithic,CGG_1_018533,Upper Palaeolithic,-,Goyet,50.447,5.009,Belgium,horse,female,1.03,0.02,0,0,0,0,,,,,,,,
Goyet_Vert311_35870,CGG_1_018540,Upper Palaeolithic,35870,Goyet,50.447,5.009,Belgium,horse,female,22.6,0.49,0,0,0,0,7.9,31930,360,-34643,-33063,95.4,-33853,-35870
Granastadir_VHR031_1067,CGG_1_020955,Middle Ages,917-1217,Granastaðir,65.268,-18.24,Iceland,horse,female,10.2,0.08,0,0,0,0,,,,,,,,
Gregorevka4_PAVH2_1192,CGG_1_018154,Middle Ages,1192,Gregorevka 4,52.629,76.739,Kazakhstan,horse,male,112,5.54,0,0,0,0,,,,,,,,
Halvai_KSH4_4017,CGG_1_017098,Bronze Age,3817-4217,Halvai 5,52.843,62.903,Kazakhstan,horse,female,79.6,2.49,0,0,0,0,,,,,,,,
Halvai_KSH5_2542,CGG_1_017099,Iron Age,2217-2867,Halvai 3,52.843,62.903,Kazakhstan,horse,male,0.509,0.01,0,0,0,0,,,,,,,,
Haunstetten_1979,CGG_1_017139,Roman period,1979,Haunstetten,48.308,10.894,Germany,horse,male,96.5,1.92,0,0,0,0,,,,,,,,
Khatuu_Kha2_t1_2312,CGG_1_018909,Iron Age,2312,Khatuu 2,48.583,88.394,Mongolia,horse,male,57.1,1.02,0,0,0,0,13.2,2240,15,-382,-209,95.4,-295.5,-2312.5
Khotont_UCIE2012x85_1291,CGG_1_018038,Middle Ages,1177-1406,Khotont,47.306,102.646,Mongolia,horse,male,95.9,4.59,0,0,0,0,,,,,,,,
Kokorevo_Rus3_14450,CGG_1_019154,Upper Palaeolithic,14450,Kokorevo,53.933,90.933,Russia,horse,male,0.617,0.01,0,0,0,0,,,,,,,,
KulianCave_MV178_1694,CGG_1_020446,Sasanian period,1694,Kulian Cave,34.73,46.672,Iran,horse,female,3.44,0.09,0,0,0,0,3.2,1715,20,255,390,95.4,322.5,-1694.5
KrasnayaGorka_Rus48_1446,CGG_1_019195,Middle Ages,1446,Krasnaya Gorka,51.539,94.009,Russia,horse,male,14.4,0.16,0,0,0,0,9.9,1505,15,540,602,95.4,571,-1446
Krasnokamenka_NB10_4500,CGG_1_017002,Copper Age,4000-5000,Krasnokamenka,54.35,60.15,Russia,horse,male,315,0.12,0,0,0,0,,,,,,,,
Krasnokamenka_NB9_4500,CGG_1_017001,Copper Age,4000-5000,Krasnokamenka,54.35,60.15,Russia,horse,female,34.7,0.08,0,0,0,0,,,,,,,,
LebyazhinkaIV_NB35_Neolithic,CGG_1_017027,Neolithic,-,Lebyazhinka IV,53.43,50.4,Russia,horse,male,11.9,0.22,0,0,0,0,,,,,,,,
LongueilAnnel_GVA129_267,CGG_1_019387,Early Modern period,217-317,Longueil-Annel,49.469,2.861,France,horse,male,0.896,0.02,0,0,0,0,,,,,,,,
Macon_GVA201_1767,CGG_1_019775,Roman period,1717-1817,"Macon, rue Rambuteau",46.308,4.823,France,horse,male,81.6,2.17,0,0,0,0,,,,,,,,
Mainz_Mzr1_1373,CGG_1_018150,Middle Ages,1373,Mainz,49.99,8.26,Germany,horse,male,90.8,2.95,0,0,0,0,0.9,1390,15,622,665,95.4,643.5,-1373.5
Marvele_01_1138,CGG_1_019388,Middle Ages,1087-1189,Marvelė cemetery,54.897,23.872,Lithuania,horse,male,66.9,2.71,0,0,0,0,,,,,,,,
Marvele_02_1138,CGG_1_019389,Middle Ages,1087-1189,Marvelė cemetery,54.897,23.872,Lithuania,horse,male,2.89,0.02,0,0,0,0,,,,,,,,
Marvele_05_1138,CGG_1_019392,Middle Ages,1087-1189,Marvelė cemetery,54.897,23.872,Lithuania,horse,male,3.76,0.04,0,0,0,0,,,,,,,,
Marvele_16_1138,CGG_1_019403,Middle Ages,1087-1189,Marvelė cemetery,54.897,23.872,Lithuania,horse,male,7.06,0.04,0,0,0,0,,,,,,,,
Marvele_18_1189,CGG_1_019405,Middle Ages,1189,Marvelė cemetery,54.897,23.872,Lithuania,horse,male,83,3.48,0,0,0,0,1.2,1205,20,769,886,95.4,827.5,-1189.5
Marvele_21_1087,CGG_1_019408,Middle Ages,1087,Marvelė cemetery,54.897,23.872,Lithuania,horse,male,79.1,2.3,0,0,0,0,1.4,1130,20,878,982,95.4,930,-1087
Marvele_22_1138,CGG_1_019409,Middle Ages,1087-1189,Marvelė cemetery,54.897,23.872,Lithuania,horse,male,12.1,0.02,0,0,0,0,,,,,,,,
Marvele_27_1138,CGG_1_019414,Middle Ages,1087-1189,Marvelė cemetery,54.897,23.872,Lithuania,horse,male,2.09,0.01,0,0,0,0,,,,,,,,
Marvele_32_1144,CGG_1_019419,Middle Ages,1144,Marvelė cemetery,54.897,23.872,Lithuania,horse,male,95.5,4,0,0,0,0,1,1150,15,777,968,95.4,872.5,-1144.5
MerzlyYar_Rus45_23789,CGG_1_019192,Upper Palaeolithic,23789,Merzly Yar,53.363,95.363,Russia,horse,male,356,5.32,0,0,0,0,4.6,19690,80,-22032,-21512,95.4,-21772,-23789
Metz_GVA321_492,CGG_1_019871,Early Modern period,467-517,"Metz, Place de la République",49.115,6.173,France,horse,male,2.54,0.06,0,0,0,0,,,,,,,,
Miciurin_Mic2_3267,CGG_1_018388,Bronze Age,3017-3517,Miciurin,47.987,27.79,Moldova,horse,male,8.35,0.01,0,0,0,0,,,,,,,,
Museum_Earb5_105,CGG_1_018497,20th century,105,museum specimen,N/A,N/A,N/A,horse,male,8.35,0.13,0,0,0,0,,,,,,,,
Museum_Earb6_89,CGG_1_018495,20th century,89,museum specimen,N/A,N/A,N/A,horse,male,34.6,1,0,0,0,0,,,,,,,,
Noyon_GVA123_717,CGG_1_019381,Middle Ages,617-817,Noyon - Orroire,49.571,3.018,France,horse,female,59.1,1.47,0,0,0,0,,,,,,,,
Nustar_4_1187,CGG_1_020438,Middle Ages,1187,Nuštar,45.333,18.841,Croatia,horse,male,4.43,0.1,0,0,0,0,7.8,1195,20,772,887,95.4,829.5,-1187.5
Nustar_5_1187,CGG_1_020439,Middle Ages,1187,Nuštar,45.333,18.841,Croatia,horse,male,119,4.07,0,0,0,0,2.6,1195,20,772,887,95.4,829.5,-1187.5
Oktyabrsky_Rus37_830,CGG_1_019185,Middle Ages,830,Oktyabrsky,47.967,43.644,Russia,horse,male,199,1.29,0,0,0,0,10,870,15,1154,1219,95.4,1186.5,-830.5
Oktyabrsky_Rus38_659,CGG_1_019186,Middle Ages,659,Oktyabrsky,47.967,43.644,Russia,horse,male,167,0.5,0,0,0,0,9,585,20,1306,1411,95.4,1358.5,-658.5
OlonKurinGol_OKG1_2367,CGG_1_018397,Iron Age,2317-2417,Olon Kurin Gol,49.329,88.349,Mongolia,horse,male,1.81,0.03,0,0,0,0,,,,,,,,
OlonKurinGol_OKG2_2367,CGG_1_018398,Iron Age,2317-2417,Olon Kurin Gol,49.329,88.349,Mongolia,horse,male,122,3.45,0,0,0,0,,,,,,,,
Otepaa_Ote2_1184,CGG_1_018473,Middle Ages,1184,Otepää,58.058,26.495,Estonia,horse,male,114,1.25,0,0,0,0,1.4,1180,20,772,893,95.4,832.5,-1184.5
Otok_OTOK16_1308,CGG_1_020441,Middle Ages,1308,Otok,45.146,18.884,Kazakhstan,horse,female,6.1,0.14,0,0,0,0,5.2,1325,15,655,764,95.4,709.5,-1307.5
PotapovkaI_1_3900,CGG_1_018337,Bronze Age,3757-4042,Potapovka I,53.663,50.671,Russia,horse,female,0.862,0.02,0,0,0,0,,,,,,,,
Przewalski_Paratype_118,,Early Modern period,118,museum specimen,N/A,N/A,N/A,horse,female,779,3.97,0,0,0,0,,,,,,,,
Quoygrew_VHR017_1117,CGG_1_020952,Middle Ages,1017-1217,Quoygrew,59.337,-2.97,United Kingdom,horse,male,41.1,0.85,0,0,0,0,,,,,,,,
Ridala_Rid1_2717,CGG_1_018468,Bronze Age,2617-2817,Ridala,58.455,23.033,Estonia,horse,male,251,4.26,0,0,0,0,,,,,,,,
Ridala_Rid2_2717,CGG_1_018469,Bronze Age,2617-2817,Ridala,58.455,23.033,Estonia,horse,male,200,4.42,0,0,0,0,,,,,,,,
Saadjarve_Saa1_1117,CGG_1_018474,Middle Ages,1017,Saadjärve,58.543,26.678,Estonia,horse,male,95.1,3.13,0,0,0,0,,,,,,,,
Sagzabad_SAGS27_3117,CGG_1_019559,Iron Age,3117,Sagzabad,35.773,49.938,Iran,horse,male,48,1.25,0,0,0,0,3.2,2900,15,-1187,-1014,95.4,-1100.5,-3117.5
Sagzabad_SAGxPit22_3117,CGG_1_019565,Iron Age,3017-3217,Sagzabad,35.773,49.938,Iran,hemione,male,9.94,0.04,100,100,100,100,,,,,,,,
SaintClaude_GVA381_242,CGG_1_019931,Early Modern period,217-267,Saint-Claude,16.027,-61.702,Guadeloupe (France),mule,female,2.63,0.07,44.88,45.2,47.93,48.38,,,,,,,,
SaintJust_GVA212_2162,CGG_1_019786,Iron Age,2047-2227,Saint-Just-en-Chaussée,49.505,2.435,France,mule,female,4.01,0.07,44.72,45.12,47.79,48.29,,,,,,,,
SaintJust_GVA219_2162,CGG_1_019793,Iron Age,2047-2227,Saint-Just-en-Chaussée,49.505,2.435,France,mule,female,0.452,0.01,44.85,44.54,47.97,47.84,,,,,,,,
SaintJust_GVA242_2250,CGG_1_019816,Iron Age,2250,Saint-Just-en-Chaussée,49.505,2.435,France,horse,male,102,3.08,0,0,0,0,1.2,2150,15,-351,-116,95.4,-233.5,-2250.5
SaintQuentin_GVA237_1917,CGG_1_019877,Roman period,1817-2017,Saint-Quentin,49.848,3.29,France,horse,male,1.5,0.04,0,0,0,0,,,,,,,,
SaintQuentin_GVA238_1917,CGG_1_019878,Roman period,1817-2017,Saint-Quentin,49.848,3.29,France,mule,male,1.25,0.04,44.98,44.9,48.1,48.14,,,,,,,,
Santarem_254_1017,CGG_1_020032,Middle Ages,817-1217,Alcáçova de Santarém,39.241,-8.692,Portugal,horse,female,6.77,0.02,0,0,0,0,,,,,,,,
Sayangorsk_Rus41_2677,CGG_1_019189,Iron Age,2677,Sayangorsk,53.097,91.416,Russia,horse,female,152,1.03,0,0,0,0,6.8,2505,20,-778,-543,95.4,-660.5,-2677.5
Schloßvippach_Svi6_3917,CGG_1_018375,Bronze Age,3617-4217,Schloßvippach,51.104,11.145,Germany,horse,male,27.2,0.03,0,0,0,0,,,,,,,,
Sebastovce_131_1317,CGG_1_018487,Middle Ages,1217-1417,Šebastovce,48.655,21.268,Slovakia,horse,male,2.7,0.01,0,0,0,0,,,,,,,,
SharIQumis_AM115_1557,CGG_1_018579,Sasanian period,1557,Shar-I-Qumis,35.962,54.038,Iran,horse,male,201,6.88,0,0,0,0,11.3,1625,15,389,530,95.4,459.5,-1557.5
SharIQumis_AM181_1694,CGG_1_018580,Sasanian period,1694,Shar-I-Qumis,35.962,54.038,Iran,horse,male ,104,2.85,0,0,0,0,,,,,,,,
Sintashta_NB44_3577,CGG_1_017036,Bronze Age,3550-3604,Sintashta,55.164,61.437,Russia,horse,male,60.4,0.09,0,0,0,0,,,,,,,,
Sintashta_NB45_3577,CGG_1_017037,Bronze Age,3550-3604,Sintashta,55.164,61.437,Russia,horse,male,68.1,0.19,0,0,0,0,,,,,,,,
Sintashta_NB46_4023,CGG_1_017038,Bronze Age,4023,Sintashta,55.164,61.437,Russia,horse,female,431,6.09,0,0,0,0,,,,,,,,
SolothurnVigier_NB175_1817,CGG_1_020499,Roman period,1717-1917,Solothurn-Vigier,47.233,7.517,Switzerland,horse,male,4.29,0.02,0,0,0,0,,,,,,,,
SolothurnVigier_NB63_1867,CGG_1_020512,Roman period,1717-2017,Solothurn-Vigier,47.233,7.517,Switzerland,horse,female,8.79,0.04,0,0,0,0,,,,,,,,
SolothurnVigier_NB699_1867,CGG_1_020513,Roman period,1717-2017,Solothurn-Vigier,47.233,7.517,Switzerland,ass,male,13.8,0.08,100,100,100,100,,,,,,,,
Syrgal_Syr1t1c3_2317,CGG_1_018919,Iron Age,2317,Syrgal 1,48.583,88.394,Mongolia,horse,male,64.6,2.12,0,0,0,0,,,,,,,,
Syrgal_Syr1t1c4_2317,CGG_1_018920,Iron Age,2217-2417,Syrgal 1,48.583,88.394,Mongolia,horse,male,1.34,0.01,0,0,0,0,,,,,,,,
TachtiPerda_TP4_3604,CGG_1_018394,Bronze Age,3604,Tachti Perda,41.467,46.017,Georgia,horse,male,100,1.59,0,0,0,0,,,,,,,,
TavanTolgoi_GEP13_730,CGG_1_018049,Middle Ages,649-811,Tavan Tolgoi,45.1,112.72,Mongolia,horse,male,549,7.4,0,0,0,0,,,,,,,,
TavanTolgoi_GEP14_730,CGG_1_018050,Middle Ages,649-811,Tavan Tolgoi,45.1,112.72,Mongolia,horse,male,455,4.88,0,0,0,0,,,,,,,,
TavanTolgoi_GEP21_730,CGG_1_018057,Middle Ages,649-811,Tavan Tolgoi,45.1,112.72,Mongolia,horse,male,185,4.99,0,0,0,0,,,,,,,,
Taymyr_CGG10022_42758,CGG_1_010022,wild Archaic ,42758,Taymyr,73.046,109.708,Russia,horse,female,127,23.7,0,0,0,0,,,,,,,,
Taymyr_CGG10023_16056,CGG_1_010023,wild Archaic ,16056,Taymyr,73.046,109.708,Russia,horse,male ,245,6.22,0,0,0,0,,,,,,,,
TepeHasanlu_1140_2682,CGG_1_019998,Iron Age,2682,Tepe Hasanlu,37.004,45.459,Iran,horse,female,27,0.12,0,0,0,0,7.6,2515,15,-781,-550,95.4,-665.5,-2682.5
TepeHasanlu_2327_2352,CGG_1_019995,Iron Age,2417-2287,Tepe Hasanlu,37.004,45.459,Iran,horse,male,3.39,0.02,0,0,0,0,,,,,,,,
TepeHasanlu_2405_2886,CGG_1_019992,Iron Age,2886,Tepe Hasanlu,37.004,45.459,Iran,horse,male,162,1.76,0,0,0,0,,,,,,,,
TepeHasanlu_2529_2352,CGG_1_019988,Iron Age,2417-2287,Tepe Hasanlu,37.004,45.459,Iran,horse,female,2.7,0.01,0,0,0,0,,,,,,,,
TepeHasanlu_2689_2352,CGG_1_019996,Iron Age,2417-2287,Tepe Hasanlu,37.004,45.459,Iran,horse,female,0.916,0.01,0,0,0,0,,,,,,,,
TepeHasanlu_3394_2808,CGG_1_019997,Iron Age,2808,Tepe Hasanlu,37.004,45.459,Iran,horse,male,8.51,0.05,0,0,0,0,8.2,2595,20,-806,-776,95.4,-791,-2808
TepeHasanlu_3398_2352,CGG_1_019986,Iron Age,2417-2287,Tepe Hasanlu,37.004,45.459,Iran,horse,female,4.9,0.02,0,0,0,0,,,,,,,,
TepeHasanlu_3459_2667,CGG_1_020002,Iron Age,2617-2717,Tepe Hasanlu,37.004,45.459,Iran,hemione,male,2.3,0.1,100,100,100,100,,,,,,,,
TepeHasanlu_3461_2930,CGG_1_020003,Iron Age,2930,Tepe Hasanlu,37.004,45.459,Iran,horse,female,4.15,0.07,0,0,0,0,5,2775,15,-978,-848,95.4,-913,-2930
TepeHasanlu_368_2896,CGG_1_019994,Iron Age,2896,Tepe Hasanlu,37.004,45.459,Iran,horse,male,12,0.05,0,0,0,0,9.4,2745,20,-927,-831,95.4,-879,-2896
TepeMehrAli_Trj12x31_CopperAge,CGG_1_017451,Copper Age,5000-8000,Tepe Mehr Ali,30.678,52.162,Iran,hemione,male,1.51,0.02,100,100,100,100,,,,,,,,
Tumeski_CGG101397_192,CGG_1_010397,Modern period,192,Tumeski,66.933,131.917,Russia,horse,male ,820,20.8,0,0,0,0,,,,,,,,
Uppsala_Upps02_1317,CGG_1_018490,Middle Ages,1217-1417,Uppsala,59.861,17.639,Sweden,horse,male,50.4,0.04,0,0,0,0,,,,,,,,
UushgiinUvur_Mon37_3085,CGG_1_018073,Bronze Age,3039-3130,Uushgiin Uvur,49.656,99.912,Mongolia,horse,male,90.3,3.33,0,0,0,0,,,,,,,,
UushgiinUvur_Mon39_3085,CGG_1_018075,Bronze Age,3039-3130,Uushgiin Uvur,49.656,99.912,Mongolia,horse,female,130,4.04,0,0,0,0,,,,,,,,
UushgiinUvur_Mon40_3085,CGG_1_018076,Bronze Age,3039-3130,Uushgiin Uvur,49.656,99.912,Mongolia,horse,male,7.69,0.22,0,0,0,0,,,,,,,,
UushgiinUvur_Mon41_3085,CGG_1_018077,Bronze Age,3039-3130,Uushgiin Uvur,49.656,99.912,Mongolia,horse,male,67.33,2.43,0,0,0,0,,,,,,,,
UushgiinUvur_Mon42_3130,CGG_1_018078,Bronze Age,3130,Uushgiin Uvur,49.656,99.912,Mongolia,horse,female,323.4,9.32,0,0,0,0,2.5,2915,15,-1195,-1031,95.4,-1113,-3130
UushgiinUvur_Mon43_3120,CGG_1_018079,Bronze Age,3120,Uushgiin Uvur,49.656,99.912,Mongolia,horse,female,180,4.92,0,0,0,0,3.7,2905,20,-1193,-1013,95.4,-1103,-3120
UushgiinUvur_Mon44_3085,CGG_1_018080,Bronze Age,3039-3130,Uushgiin Uvur,49.656,99.912,Mongolia,horse,male,52.8,2.36,0,0,0,0,3.7,2885,15,-1116,-1010,95.4,-1063,-3080
UushgiinUvur_Mon45_3080,CGG_1_018081,Bronze Age,3080,Uushgiin Uvur,49.656,99.912,Mongolia,horse,female,205,5.79,0,0,0,0,3.7,2885,15,-1116,-1010,95.4,-1063,-3080
UushgiinUvur_Mon79_3085,CGG_1_018115,Bronze Age,3039-3130,Uushgiin Uvur,49.656,99.912,Mongolia,horse,male,69.7,1.88,0,0,0,0,,,,,,,,
UushgiinUvur_Mon84_3123,CGG_1_018120,Bronze Age,3123,Uushgiin Uvur,49.656,99.912,Mongolia,horse,male,308,8.26,0,0,0,0,,,,,,,,
UushgiinUvur_Mon86_3039,CGG_1_018122,Bronze Age,3039,Uushgiin Uvur,49.656,99.912,Mongolia,horse,male,186,5.1,0,0,0,0,,,,,,,,
UushgiinUvur_Mon87_3117,CGG_1_018123,Bronze Age,3117,Uushgiin Uvur,49.656,99.912,Mongolia,horse,female,175,3.82,0,0,0,0,1.7,2900,20,-1191,-1010,95.4,-1100.5,-3117.5
UushgiinUvur_Mon89_3085,CGG_1_018125,Bronze Age,3039-3130,Uushgiin Uvur,49.656,99.912,Mongolia,horse,male,4.41,0.11,0,0,0,0,,,,,,,,
Vermand_GVA199_1742,CGG_1_019773,Roman period,1717-1767,"Vermand, rue De Gaulle",49.877,3.146,France,horse,female,34.8,0.9,0,0,0,0,,,,,,,,
Vicerrectorado_VIR175_1717,CGG_1_016987,Roman period,1617-1817,Vicerrectorado,43.009,-7.559,Spain,horse,male,36.3,0.06,0,0,0,0,,,,,,,,
WhitehallRomanVilla_UK08_1667,CGG_1_019435,Roman period,1617-1717,Whitehall Roman Villa,52.226,-1.057,United Kingdom,horse,male,3.35,0.08,0,0,0,0,,,,,,,,
WitterPlace_UK15_217,CGG_1_019442,Early Modern period,117-317,Witter Place,53.193,-2.883,United Kingdom,horse,female,49.2,1.1,0,0,0,0,,,,,,,,
WitterPlace_UK16_217,CGG_1_019443,Early Modern period,117-317,Witter Place,53.193,-2.883,United Kingdom,horse,female,61.4,2.4,0,0,0,0,,,,,,,,
WitterPlace_UK17_267,CGG_1_019444,Early Modern period,217-317,Witter Place,53.193,-2.883,United Kingdom,horse,female,75.7,3.02,0,0,0,0,,,,,,,,
WitterPlace_UK18_267,CGG_1_019445,Early Modern period,217-317,Witter Place,53.193,-2.883,United Kingdom,horse,female,53.5,2.01,0,0,0,0,,,,,,,,
WitterPlace_UK19_267,CGG_1_019446,Early Modern period,217-317,Witter Place,53.193,-2.883,United Kingdom,horse,male,29.9,0.79,0,0,0,0,,,,,,,,
WitterPlace_UK20_217,CGG_1_019447,Early Modern period,217-317,Witter Place,53.193,-2.883,United Kingdom,horse,female,2.08,0.08,0,0,0,0,,,,,,,,
Yenikapi_Tur139_1443,CGG_1_018705,Byzantine period,1156-1730,Yenikapi,41.005,28.952,Turkey,mule,male,11.5,0.28,45.39,45.87,48.46,49.1,,,,,,,,
Yenikapi_Tur140_1289,CGG_1_018706,Byzantine period,1289,Yenikapi,41.005,28.952,Turkey,horse,male,147,5.45,0,0,0,0,5.7,1265,15,685,771,95.4,728,-1289
Yenikapi_Tur141_1430,CGG_1_018707,Byzantine period,1430,Yenikapi,41.005,28.952,Turkey,horse,male,208,4.52,0,0,0,0,5.5,1485,20,543,630,95.4,586.5,-1430.5
Yenikapi_Tur142_1396,CGG_1_018708,Byzantine period,1396,Yenikapi,41.005,28.952,Turkey,horse,male,197,7.37,0,0,0,0,8.4,1440,15,592,649,95.4,620.5,-1396.5
Yenikapi_Tur144_1443,CGG_1_018710,Byzantine period,1156-1730,Yenikapi,41.005,28.952,Turkey,mule,female,8.09,0.2,45.07,45.22,48.14,48.43,,,,,,,,
Yenikapi_Tur145_1156,CGG_1_018711,Byzantine period,1156,Yenikapi,41.005,28.952,Turkey,horse,male,321,7.49,0,0,0,0,9.9,1165,15,776,945,95.4,860.5,-1156.5
Yenikapi_Tur146_1730,CGG_1_018712,Byzantine period,1730,Yenikapi,41.005,28.952,Turkey,horse,male,222,4.63,0,0,0,0,2.9,1755,15,240,334,95.4,287,-1730
Yenikapi_Tur147_1443,CGG_1_018713,Byzantine period,1156-1730,Yenikapi,41.005,28.952,Turkey,mule,female,5.07,0.15,44.99,45.45,48.03,48.66,,,,,,,,
Yenikapi_Tur149_1443,CGG_1_018715,Byzantine period,1156-1730,Yenikapi,41.005,28.952,Turkey,mule,female,5.69,0.15,45.05,45.02,48.15,48.24,,,,,,,,
Yenikapi_Tur150_1443,CGG_1_018716,Byzantine period,1156-1730,Yenikapi,41.005,28.952,Turkey,horse,male,178,4.36,0,0,0,0,,,,,,,,
Yenikapi_Tur167_1443,CGG_1_018733,Byzantine period,1156-1730,Yenikapi,41.005,28.952,Turkey,mule,female,8.36,0.26,44.92,45.21,48.01,48.42,,,,,,,,
Yenikapi_Tur169_1443,CGG_1_018735,Byzantine period,1156-1730,Yenikapi,41.005,28.952,Turkey,mule,male,20.5,0.54,45.08,45.18,48.19,48.41,,,,,,,,
Yenikapi_Tur170_1443,CGG_1_018736,Byzantine period,1156-1730,Yenikapi,41.005,28.952,Turkey,horse,male,212,4.55,0,0,0,0,,,,,,,,
Yenikapi_Tur171_1689,CGG_1_018737,Byzantine period,1689,Yenikapi,41.005,28.952,Turkey,horse,male,330,6.64,0,0,0,0,4.6,1700,15,260,395,95.4,327.5,-1689.5
Yenikapi_Tur172_1695,CGG_1_018738,Byzantine period,1695,Yenikapi,41.005,28.952,Turkey,horse,male,223,5.78,0,0,0,0,,,,,,,,
Yenikapi_Tur173_1443,CGG_1_018739,Byzantine period,1156-1730,Yenikapi,41.005,28.952,Turkey,horse,male,71.6,2.65,0,0,0,0,,,,,,,,
Yenikapi_Tur175_1443,CGG_1_018741,Byzantine period,1156-1730,Yenikapi,41.005,28.952,Turkey,horse,male,55.2,2.51,0,0,0,0,,,,,,,,
Yenikapi_Tur176_1443,CGG_1_018742,Byzantine period,1156-1730,Yenikapi,41.005,28.952,Turkey,horse,male,73.3,2.57,0,0,0,0,,,,,,,,
Yenikapi_Tur181_1443,CGG_1_018747,Byzantine period,1156-1730,Yenikapi,41.005,28.952,Turkey,horse,male,75.9,2.61,0,0,0,0,,,,,,,,
Yenikapi_Tur189_1443,CGG_1_018755,Byzantine period,1156-1730,Yenikapi,41.005,28.952,Turkey,mule,female,25.5,0.71,44.91,45.12,47.99,48.27,,,,,,,,
Yenikapi_Tur191_1443,CGG_1_018757,Byzantine period,1156-1730,Yenikapi,41.005,28.952,Turkey,mule,male,9.46,0.34,45.29,45.62,48.37,48.81,,,,,,,,
Yenikapi_Tur193_1443,CGG_1_018759,Byzantine period,1156-1730,Yenikapi,41.005,28.952,Turkey,horse,male,91,3.3,0,0,0,0,,,,,,,,
Yenikapi_Tur194_1360,CGG_1_018760,Byzantine period,1360,Yenikapi,41.005,28.952,Turkey,horse,male,320,7.28,0,0,0,0,3.1,1370,15,644,670,95.4,657,-1360
Yenikapi_Tur206_1443,CGG_1_018772,Byzantine period,1156-1730,Yenikapi,41.005,28.952,Turkey,mule,female,15.5,0.47,44.78,44.92,47.96,48.26,,,,,,,,
Yenikapi_Tur229_1443,CGG_1_018795,Byzantine period,1156-1730,Yenikapi,41.005,28.952,Turkey,horse,male,159,4.31,0,0,0,0,,,,,,,,
Yenikapi_Tur243_1443,CGG_1_018809,Byzantine period,1156-1730,Yenikapi,41.005,28.952,Turkey,horse,male,63,2.47,0,0,0,0,,,,,,,,
Yenikapi_Tur244_1443,CGG_1_018810,Byzantine period,1156-1730,Yenikapi,41.005,28.952,Turkey,mule,female,5.14,0.19,44.95,45.19,"48,04",48.37,,,,,,,,
Yenikapi_Tur246_1443,CGG_1_018812,Byzantine period,1156-1730,Yenikapi,41.005,28.952,Turkey,mule,male,7.79,0.25,45.11,45.07,48.19,48.38,,,,,,,,
Yenikapi_Tur271_1443,CGG_1_018837,Byzantine period,1156-1730,Yenikapi,41.005,28.952,Turkey,mule,female,6.55,0.16,45.17,45.48,48.15,48.59,,,,,,,,
Yenikapi_Tur273_1443,CGG_1_018839,Byzantine period,1156-1730,Yenikapi,41.005,28.952,Turkey,mule,male,1.66,0.03,45.15,45.18,48.19,48.39,,,,,,,,
Yenikapi_Tur276_1443,CGG_1_018842,Byzantine period,1156-1730,Yenikapi,41.005,28.952,Turkey,mule,male,7.6,0.21,45.19,45.4,48.25,48.56,,,,,,,,
Yenikapi_Tur277_1443,CGG_1_018843,Byzantine period,1156-1730,Yenikapi,41.005,28.952,Turkey,ass,male,2.93,0.11,100,100,100,100,,,,,,,,
Yerqorqan_YER28_2853,CGG_1_020254,Iron Age,2853,Yerqorqan,38.867,65.8,Uzbekistan,horse,male,53.9,1.06,0,0,0,0,,,,,,,,
Zhanaturmus_Issyk1_1143,CGG_1_018577,Middle Ages,1143,Zhanaturmus,43.184,76.78,Kazakhstan,horse,male,77.7,2.69,0,0,0,0,6,2745,15,-921,-836,95.4,-878.5,-2895.5
